,firing_rate,snr,isi_violations_ratio,isi_violations_count
1,1.0006671114076051,307.66993266290245,3.701234567901234,2
2,0.6837891927951968,307.15110134021717,3.9632493885914473,1
3,0.956193017567267,307.66993266290245,4.053542455381287,2
4,1.7400489215032244,307.66993266290245,0.612030336126734,1
5,1.3453413386702247,307.66993266290245,6.143023017553446,6
6,0.35579275072270405,307.4105270638406,0.0,0
7,4.764287302646209,307.66993266290245,4.816726552830761,59
8,0.3391149655325773,307.15110134021717,16.11394786347756,1
9,5.942850789415166,307.4105270638406,1.836429489630815,35
10,0.6615521458750279,307.66993266290245,0.0,0
11,2.4905492550589283,307.66993266290245,0.29874840561224486,1
13,3.2577273738047587,307.15110134021717,0.8730445316777131,5
14,1.261952412719591,307.66993266290245,2.327233208484542,2
18,0.6559928841449856,307.15110134021717,4.3062338408503305,1
21,2.879697576161886,307.66993266290245,4.469223774243079,20
23,0.3391149655325773,307.66993266290245,0.0,0
24,0.6782299310651546,307.66993266290245,0.0,0
25,1.6233044251723372,307.66993266290245,3.5161381122161757,5
27,0.4780965087836335,307.66993266290245,0.0,0
30,4.742050255726039,307.66993266290245,1.7305448393299145,21
33,2.512786301979097,307.15110134021717,1.4674210979716502,5
35,1.7233711363130977,307.66993266290245,4.367533818938605,7
37,2.2737380475872806,307.66993266290245,2.5090715622216506,7
38,1.2563931509895485,307.66993266290245,7.0436212702639205,6
39,10.623749166110741,307.66993266290245,2.298625846506537,140
40,4.819879919946631,307.66993266290245,0.0,0
41,6.726706693351123,307.15110134021717,2.0886278259681714,51
42,0.9895485879475205,307.66993266290245,9.462189117535663,5
43,3.974872136980209,307.15110134021717,1.2901559978483055,11
44,6.159661996886814,307.15110134021717,0.4395665263459708,9
45,2.040249054925506,307.66993266290245,6.677605446621476,15
47,17.38381142984212,307.15110134021717,0.5396206165821702,88
49,2.018012008005337,307.66993266290245,1.820154968163984,4
50,0.6504336224149433,307.66993266290245,0.0,0
51,5.192350455859462,307.66993266290245,4.330204641224454,63
52,5.698243273293307,307.15110134021717,0.4565663295657347,8
55,1.3453413386702247,307.66993266290245,1.023837169592241,1
56,3.758060929508561,307.66993266290245,0.13121039179300445,1
57,4.908828107627307,307.66993266290245,0.30760982904722267,4
59,1.6900155659328442,307.66993266290245,6.488054016620498,10
61,3.0965087836335337,307.66993266290245,2.8989618016496426,15
65,1.6177451634422948,307.66993266290245,10.62103659616679,15
66,1.5788303313319991,307.15110134021717,6.690636778416981,9
67,5.492550589281744,307.66993266290245,5.466857348915734,89
70,0.7282632866355349,307.15110134021717,0.0,0
71,2.240382477207027,307.66993266290245,0.0,0
72,8.577940849455192,307.15110134021717,2.5184293502023856,100
73,3.6579942183678007,307.66993266290245,4.708566994022598,34
74,0.8839226150767179,307.66993266290245,2.371741624144614,1
77,0.8783633533466756,307.66993266290245,4.803717352988303,2
78,2.4516344229486324,307.15110134021717,1.541538762141289,5
81,4.113853680231266,307.66993266290245,0.32848794740686627,3
82,1.9401823437847454,307.66993266290245,4.4305054966708,9
83,3.302201467645097,307.15110134021717,2.718996927751136,16
84,0.4280631532132533,307.15110134021717,0.0,0
85,5.514787636201913,307.15110134021717,0.792102952653486,13
86,1.134089392928619,307.66993266290245,0.0,0
87,2.4516344229486324,307.66993266290245,3.3913852767108357,11
89,6.571047364909941,307.66993266290245,5.107091424955837,119
90,0.5170113408939293,307.66993266290245,0.0,0
91,2.8519012675116744,307.15110134021717,0.911353540880575,4
95,3.06315321325328,307.15110134021717,1.3824723897483866,7
97,5.948410051145208,307.15110134021717,3.613625644161062,69
99,0.4503002001334223,307.66993266290245,0.0,0
101,2.6906826773404493,307.66993266290245,3.839389385970904,15
102,0.8839226150767179,307.66993266290245,9.486966496578455,4
103,3.2466088503446744,307.4105270638406,6.856469318821542,39
104,4.641983544585279,307.15110134021717,7.911821865251534,92
105,2.774071603291083,307.66993266290245,5.538451652804607,23
106,0.9172781854569714,307.66993266290245,2.2023875114784204,1
107,1.0340226817878586,307.15110134021717,0.0,0
109,0.2501667778519013,307.66993266290245,88.82962962962962,3
110,0.7115855014454081,307.66993266290245,0.0,0
113,0.7115855014454081,307.66993266290245,10.979003906249998,3
114,7.3715810540360245,307.15110134021717,0.6138285456890726,18
117,1.4120524794307316,307.66993266290245,8.364436728873457,9
118,2.062486101845675,307.66993266290245,0.0,0
119,3.891483211029575,307.15110134021717,1.713142857142857,14
120,0.3279964420724928,307.66993266290245,0.0,0
121,2.0291305314654213,307.66993266290245,4.950722462000376,11
122,3.002001334222815,307.66993266290245,0.0,0
123,0.4725372470535913,307.66993266290245,8.298961937716262,1
124,7.810762730709362,307.15110134021717,0.8504856828054356,28
126,1.4898821436513232,307.66993266290245,0.8348184450879927,1
128,3.997109183900378,307.15110134021717,0.3479566156828078,3
129,1.3453413386702247,307.66993266290245,11.262208865514651,11
130,0.5892817433844786,307.66993266290245,5.3364186543253815,1
132,0.17233711363130977,307.66993266290245,62.393340270551505,1
133,9.645319101623304,307.66993266290245,1.4142331553289207,71
136,0.4280631532132533,307.66993266290245,0.0,0
137,0.5225706026239716,307.66993266290245,0.0,0
138,0.43362241494329556,307.15110134021717,0.0,0
139,2.2237046920169004,307.66993266290245,6.7455,18
140,2.4516344229486324,307.15110134021717,6.166155048565156,20
141,4.9922170335779406,307.66993266290245,3.345965545805825,45
142,1.8734712030242384,307.66993266290245,0.5279609752661377,1
144,0.5837224816544363,307.66993266290245,0.0,0
145,0.7449410718256616,307.15110134021717,6.678547560703942,2
148,2.868579052701801,307.66993266290245,0.0,0
149,0.9673115410273516,307.66993266290245,5.941339674990091,3
150,0.4503002001334223,307.66993266290245,18.277701569882638,2
152,0.5170113408939293,307.66993266290245,0.0,0
153,0.15010006671114076,307.66993266290245,0.0,0
154,1.5955081165221259,307.66993266290245,2.1838312957544708,3
155,1.7456081832332666,307.66993266290245,9.122073917805995,15
156,0.6281965754947743,307.15110134021717,0.0,0
157,0.3279964420724928,307.66993266290245,0.0,0
158,1.5843895930620413,307.15110134021717,0.0,0
160,3.06315321325328,307.15110134021717,1.9749605567834096,10
161,1.7678452301534358,307.15110134021717,2.371741624144614,4
162,2.724038247720703,307.66993266290245,0.7491878384006664,3
163,2.0235712697353794,307.15110134021717,1.3576258905929235,3
165,1.9679786524349567,307.66993266290245,0.47847042676114776,1
166,0.8839226150767179,307.66993266290245,2.371741624144614,1
169,3.1632199243940406,307.66993266290245,0.0,0
170,0.8561263064265066,307.66993266290245,0.0,0
171,0.9784300644874361,307.66993266290245,3.871384297520661,2
172,1.6288636869023794,307.15110134021717,0.0,0
173,1.2953079830998444,307.66993266290245,4.417837867708007,4
174,0.17789637536135203,307.66993266290245,58.55468749999999,1
177,7.18812541694463,307.66993266290245,2.5822427743175367,72
182,1.0340226817878586,307.15110134021717,5.199445022545959,3
187,4.141649988881476,307.66993266290245,4.753371469753615,44
188,2.4961085167889703,307.66993266290245,0.8922574788815532,3
189,1.395374694240605,307.66993266290245,7.61384739924763,8
190,1.1785634867689572,307.4105270638406,1.3341046635813454,1
191,0.6559928841449856,307.66993266290245,0.0,0
192,2.0068934845452526,307.66993266290245,0.4600946892672708,1
193,7.466088503446742,307.15110134021717,1.5956984978784676,48
195,5.247943073159885,307.66993266290245,0.8747037489227233,13
197,3.6969090504780966,307.66993266290245,7.999638193227429,59
198,5.642650655992885,307.66993266290245,1.2804193258754155,22
200,11.279742050255726,307.15110134021717,0.8738739242054769,60
201,3.7802979764287303,307.66993266290245,5.316522491349481,41
202,4.29730931732266,307.15110134021717,0.6020795643391367,6
203,0.4503002001334223,307.66993266290245,0.0,0
205,0.7227040249054926,307.66993266290245,3.54792899408284,1
206,0.7782966422059151,307.66993266290245,0.0,0
209,2.929730931732266,307.15110134021717,6.476817329122994,30
212,2.4961085167889703,307.15110134021717,0.0,0
213,2.7851901267511674,307.66993266290245,2.149951593818351,9
214,1.1118523460084502,307.66993266290245,0.0,0
216,7.026906826773405,307.15110134021717,1.313516463707739,35
217,1.6566599955525907,307.66993266290245,25.657402819692805,38
220,5.9206137424949965,307.15110134021717,3.5947717604531726,68
221,1.9568601289748722,307.66993266290245,0.0,0
224,1.884589726484323,307.15110134021717,0.0,0
225,1.6121859017122526,307.15110134021717,4.277764565992866,6
226,5.431398710251279,307.15110134021717,0.7537958511475292,12
227,1.9401823437847454,307.66993266290245,4.4305054966708,9
228,0.6559928841449856,307.15110134021717,4.3062338408503305,1
229,6.765621525461419,307.66993266290245,5.0604656438607,125
230,0.600400266844563,308.1887639855877,5.140603566529492,1
231,2.4738714698688016,307.15110134021717,2.119530362327989,7
232,3.2354903268845896,307.15110134021717,0.17701727660277983,1
233,3.9137202579497443,307.15110134021717,1.8147113894628097,15
235,5.30909495219035,307.15110134021717,0.06574381184726295,1
237,3.5634867689570826,307.66993266290245,5.983143537910003,41
238,7.354903268845898,307.15110134021717,2.6034876871719543,76
240,1.1674449633088726,307.66993266290245,0.0,0
241,3.7636201912386036,307.15110134021717,4.3171608167931765,33
243,3.863686902379364,307.66993266290245,6.454986801925366,52
244,5.514787636201913,307.15110134021717,6.519616610301768,107
245,2.84078274405159,307.15110134021717,0.459250692207827,2
246,0.42250389148321105,307.66993266290245,0.0,0
249,2.4738714698688016,307.15110134021717,2.7251104658502716,9
250,6.9768734712030245,307.15110134021717,1.6369771908382404,43
251,0.08894818768067601,307.66993266290245,0.0,0
252,3.3800311318656884,307.66993266290245,0.32440270083102485,2
253,3.5523682454969983,307.4105270638406,3.524286039659973,24
254,1.6677785190126753,307.15110134021717,0.0,0
258,5.303535690460307,307.15110134021717,0.6588171178179485,10
259,3.3911496553257727,307.66993266290245,4.995323837678043,31
261,3.8470091171892373,307.66993266290245,1.1269170369875372,9
263,3.346675561485435,307.15110134021717,4.96352137393627,30
264,2.3460084500778295,307.15110134021717,4.377035556254352,13
265,3.863686902379364,307.15110134021717,0.6206718078774391,5
268,0.7671781187458305,307.66993266290245,0.0,0
269,1.022904158327774,307.66993266290245,1.7710302457466918,1
270,0.22237046920169,307.66993266290245,0.0,0
271,1.979097175895041,307.66993266290245,3.7848756470142657,8
274,0.7616188570157884,307.15110134021717,0.0,0
275,9.528574605292418,307.15110134021717,2.8165604419095125,138
276,0.3002001334222815,307.15110134021717,0.0,0
277,0.4503002001334223,308.1887639855877,0.0,0
279,2.5850567044696464,307.66993266290245,4.714163487108336,17
280,4.953302201467645,307.15110134021717,2.5679415428760732,34
281,3.546808983766956,307.66993266290245,4.861096097719165,33
282,0.1667778519012675,307.66993266290245,0.0,0
284,11.029575272403825,307.15110134021717,2.147817621618106,141
285,2.056926840115633,307.66993266290245,9.635646457268075,22
286,0.6504336224149433,307.15110134021717,0.0,0
288,1.4787636201912386,307.66993266290245,0.8474193001300242,1
289,1.0340226817878586,307.15110134021717,12.13203838594057,7
290,1.128530131198577,307.66993266290245,0.0,0
291,4.714253947075829,307.66993266290245,1.8343939124243502,22
292,0.01667778519012675,308.1887639855877,0.0,0
293,1.8345563709139427,307.66993266290245,0.5505968778696051,1
294,0.7393818100956193,307.66993266290245,3.389677200520097,1
295,1.912386035134534,307.4105270638406,3.5468496484586263,7
297,3.079830998443407,307.66993266290245,3.3211693101695574,17
298,0.5225706026239716,307.15110134021717,0.0,0
300,3.0297976428730267,307.66993266290245,0.4037370591701035,2
303,2.401601067378252,307.66993266290245,4.819315843621399,15
305,1.9012675116744497,307.66993266290245,0.0,0
306,0.5670446964643095,307.66993266290245,0.0,0
307,2.724038247720703,307.15110134021717,6.24323198667222,25
308,0.49477429397376027,307.66993266290245,0.0,0
309,2.190349121636647,307.15110134021717,0.7725012239428998,2
310,0.5058928174338448,307.66993266290245,0.0,0
311,2.056926840115633,307.66993266290245,0.0,0
312,0.01667778519012675,308.70761543283453,0.0,0
314,0.005559261730042251,308.1887639855877,0.0,0
316,5.203468979319546,307.66993266290245,1.6425597194827963,24
317,0.08338892595063375,307.66993266290245,0.0,0
318,1.128530131198577,307.66993266290245,0.0,0
319,1.0284634200578164,307.66993266290245,1.7519357195032867,1
320,0.2501667778519013,307.66993266290245,29.60987654320987,1
321,0.37802979764287303,307.66993266290245,0.0,0
322,1.0451412052479432,307.66993266290245,1.6964689904934356,1
323,3.0242383811429843,307.15110134021717,3.2417820069204146,16
324,2.4349566377585057,307.66993266290245,0.9376368299243135,3
326,0.7171447631754503,307.66993266290245,3.6031488492278108,1
327,4.319546364242829,307.66993266290245,3.9726433548827376,40
330,1.7900822770736047,307.15110134021717,3.4697735426873964,6
333,0.333555703802535,307.66993266290245,0.0,0
334,1.3786969090504781,307.15110134021717,0.0,0
335,1.534356237491661,307.66993266290245,4.722747321991178,6
338,2.6350900600400267,307.66993266290245,0.0,0
339,0.7949744273960418,307.15110134021717,0.0,0
341,3.55792750722704,307.66993266290245,5.855468750000001,40
342,1.4787636201912386,307.66993266290245,2.542257900390073,3
343,2.257060262397154,307.66993266290245,5.092576864277221,14
344,2.868579052701801,307.15110134021717,7.881888107685836,35
345,1.4565265732710697,307.66993266290245,6.114445545131401,7
349,0.9839893262174784,307.15110134021717,15.311053656356728,8
351,1.6288636869023794,307.15110134021717,0.6984356253421705,1
352,1.5565932844118302,307.15110134021717,0.0,0
354,2.1681120747164777,307.66993266290245,0.7884286653517423,2
355,1.7956415388036469,307.66993266290245,1.7241610673925756,3
356,5.281298643540138,307.15110134021717,1.9266925207756231,29
357,1.9679786524349567,307.66993266290245,5.263174694372625,11
358,1.4454080498109851,307.66993266290245,2.66094674556213,3
359,1.2841894596397598,307.66993266290245,2.247334195386143,2
364,0.9283967089170558,307.15110134021717,2.149951593818351,1
365,5.753835890593729,307.15110134021717,0.8955728255035124,16
366,1.1841227484989993,307.15110134021717,2.64321452974498,2
367,1.6677785190126753,307.66993266290245,0.6662222222222222,1
368,0.15010006671114076,307.66993266290245,0.0,0
369,6.498776962419391,307.66993266290245,0.5703953208089503,13
370,2.5628196575494777,307.66993266290245,0.0,0
371,5.698243273293307,307.66993266290245,0.0,0
372,11.135201245274628,307.4105270638406,1.6738546698175403,112
374,2.0513675783855905,307.66993266290245,0.0,0
375,0.17233711363130977,308.1887639855877,0.0,0
376,2.179230598176562,307.15110134021717,7.804039983340276,20
377,5.609295085612631,307.66993266290245,4.122658216782358,70
381,1.8345563709139427,307.66993266290245,0.0,0
384,2.3626862352679563,307.66993266290245,1.991750865051903,6
385,0.6448743606849011,307.66993266290245,4.456004756242567,1
386,0.20569268401156326,307.66993266290245,0.0,0
387,2.0235712697353794,307.4105270638406,0.0,0
388,2.2237046920169004,307.66993266290245,0.7494999999999999,2
389,1.4287302646208584,307.66993266290245,4.539054338445699,5
390,1.7122526128530131,307.66993266290245,0.6320627424523528,1
392,4.4640871692239275,307.15110134021717,0.371955106085678,4
393,1.7289303980431399,307.15110134021717,0.0,0
394,1.395374694240605,307.66993266290245,0.9517309249059538,1
396,1.845674894374027,307.15110134021717,3.8078821309333724,7
397,0.21681120747164778,308.1887639855877,0.0,0
398,10.240160106737825,307.66993266290245,2.827498317105634,160
401,1.5677118078719146,307.66993266290245,3.7699310899854135,5
402,3.2577273738047587,307.15110134021717,4.190613752053023,24
403,1.6233044251723372,307.66993266290245,4.922593357102645,7
407,2.0902824104958864,307.15110134021717,16.540572657311,39
408,1.8901489882143652,307.15110134021717,7.780276816608996,15
409,1.7567267066933512,307.15110134021717,2.4018586764941516,4
410,0.8616855681565488,307.66993266290245,2.49573361082206,1
411,12.102512786301979,307.15110134021717,0.8223527001396189,65
414,1.9846564376250835,307.15110134021717,2.3523134744093714,5
415,4.047142539470759,307.66993266290245,4.299148653544257,38
417,1.6288636869023794,307.66993266290245,1.396871250684341,2
419,0.5837224816544363,307.66993266290245,0.0,0
421,4.997776295307983,307.66993266290245,0.0,0
422,1.306426506559929,307.15110134021717,0.0,0
423,2.1681120747164777,307.15110134021717,0.7884286653517423,2
424,1.3397820769401825,307.66993266290245,3.097054114082058,3
425,1.8123193239937736,307.66993266290245,1.128382701644774,2
426,1.5454747609517456,307.66993266290245,0.7758397598467989,1
427,6.960195686012898,307.15110134021717,0.5355265441108922,14
428,0.7282632866355349,307.66993266290245,0.0,0
429,0.5503669112741828,307.66993266290245,0.0,0
430,4.641983544585279,307.4105270638406,2.0639535300656178,24
431,2.3015343562374917,307.66993266290245,1.0494994048869286,3
432,0.7282632866355349,307.15110134021717,0.0,0
433,1.1507671781187458,307.66993266290245,0.0,0
434,3.9637536135201246,307.66993266290245,0.35383746845303304,3
435,2.2292639537469423,307.66993266290245,3.7288325321359945,10
437,13.058705803869247,307.15110134021717,2.4015291598954005,221
438,1.751167444963309,307.15110134021717,1.8128495842781556,3
439,2.179230598176562,307.15110134021717,0.0,0
441,5.614854347342673,307.66993266290245,6.348083521223408,108
442,0.5892817433844786,307.66993266290245,0.0,0
443,6.409828774738715,307.15110134021717,0.6765412299751242,15
444,0.5948410051145208,307.66993266290245,0.0,0
446,0.800533689126084,307.66993266290245,0.0,0
447,1.3231042917500557,307.15110134021717,1.0585410634842172,1
448,1.77896375361352,307.15110134021717,0.585546875,1
449,3.346675561485435,307.15110134021717,4.301718524078101,26
451,1.2063597954191683,307.66993266290245,2.546666949818429,2
453,0.8950411385368023,307.66993266290245,4.626364723583195,2
454,1.3231042917500557,307.15110134021717,5.292705317421086,5
455,0.08894818768067601,307.4105270638406,0.0,0
456,2.9630865021125197,307.4105270638406,0.6331818549820655,3
457,2.056926840115633,307.66993266290245,2.62790357925493,6
458,0.2501667778519013,307.66993266290245,0.0,0
461,10.456971314209474,307.15110134021717,2.694518423553931,159
462,1.395374694240605,307.66993266290245,0.9517309249059538,1
463,2.6350900600400267,307.15110134021717,0.5337463725542559,2
464,0.8338892595063376,307.15110134021717,2.6648888888888886,1
465,1.573271069601957,307.66993266290245,2.2460013235275755,3
466,3.2521681120747163,307.66993266290245,0.7008254803126598,4
467,3.413386702245942,307.15110134021717,1.9085613640463026,12
468,2.507227040249055,307.15110134021717,0.0,0
469,2.323771403157661,307.66993266290245,0.0,0
470,1.4509673115410273,307.15110134021717,0.8801984703689024,1
472,1.9012675116744497,307.15110134021717,0.0,0
473,0.4614187235935068,307.66993266290245,0.0,0
474,1.3564598621303092,307.66993266290245,1.0071217414673475,1
475,2.6072937513898156,307.15110134021717,1.6355626679274962,6
479,3.613520124527463,307.66993266290245,3.9736804733727813,28
480,2.996442072492773,307.15110134021717,1.2383270056209361,6
481,4.358461196353124,307.15110134021717,0.5853029987505206,6
482,2.056926840115633,307.66993266290245,0.8759678597516434,2
483,0.23904825439181676,307.15110134021717,32.42833964305029,1
484,2.8463420057816324,307.66993266290245,2.28729248046875,10
486,0.3724705359128308,307.66993266290245,0.0,0
489,0.44474093840338,307.66993266290245,0.0,0
490,13.631309762063598,307.4105270638406,0.6781559947733847,68
491,1.3786969090504781,307.66993266290245,4.874479708636836,5
495,5.770513675783856,307.15110134021717,3.1720627707797346,57
497,3.202134756504336,307.66993266290245,11.927806712962964,66
498,13.920391372025795,307.15110134021717,0.29645219406138673,31
499,0.8338892595063376,307.66993266290245,0.0,0
501,13.458972648432288,307.66993266290245,1.4526479972415398,142
502,3.4245052257060262,307.15110134021717,0.6320627424523528,4
503,0.5003335557038026,307.66993266290245,7.402469135802468,1
505,0.6170780520346898,307.15110134021717,0.0,0
506,2.612853013119858,307.15110134021717,1.3571751923947486,5
507,1.6455414720925061,307.15110134021717,10.265248356464573,15
509,0.0555926173004225,307.4105270638406,0.0,0
510,3.2076940182343785,307.66993266290245,3.782067648057093,21
511,0.8728040916166333,307.66993266290245,9.730212178993062,4
514,1.8901489882143652,307.66993266290245,7.261591695501729,14
516,0.18901489882143652,307.66993266290245,0.0,0
517,3.174338447854125,307.66993266290245,4.229774782926073,23
519,1.8734712030242384,307.15110134021717,5.2796097526613766,10
520,3.085390260173449,307.66993266290245,0.0,0
523,0.2501667778519013,307.66993266290245,0.0,0
525,1.2563931509895485,307.66993266290245,4.69574751350928,4
526,1.5287969757616189,307.66993266290245,0.7928595041322313,1
527,0.2612853013119858,307.66993266290245,0.0,0
529,1.840115632643985,307.66993266290245,6.020025373992571,11
530,1.7122526128530131,307.66993266290245,0.0,0
531,0.8616855681565488,307.66993266290245,4.99146722164412,2
532,2.4794307315988435,307.15110134021717,0.9043013131170946,3
533,2.3015343562374917,307.66993266290245,5.597330159396952,16
535,0.9673115410273516,307.15110134021717,3.9608931166600603,2
536,12.736268623526795,307.15110134021717,1.153806070515621,101
540,1.0395819435179008,307.15110134021717,0.0,0
541,3.1854569713142094,307.66993266290245,1.4609735966058435,8
542,2.245941738937069,307.15110134021717,0.7347318890304873,2
543,1.0562597287080275,307.4105270638406,0.0,0
545,4.036024016010674,307.15110134021717,1.023837169592241,9
546,3.3133199911051814,307.66993266290245,0.6751948110445475,4
547,1.4509673115410273,307.15110134021717,0.0,0
550,0.4058261062930843,307.66993266290245,0.0,0
551,0.32243718034245056,307.4105270638406,35.64803804994054,2
552,0.42250389148321105,307.15110134021717,0.0,0
553,3.4189459639759843,307.66993266290245,2.8535395597858413,18
555,1.5621525461418724,307.66993266290245,3.7968110839528375,5
556,4.986657771847899,307.15110134021717,0.1490413356052443,2
557,5.90393595730487,307.4105270638406,4.3593972216015695,82
559,0.8505670446964644,307.66993266290245,20.491264043743858,8
560,5.514787636201913,307.15110134021717,0.7311719562955254,12
561,2.6962419390704917,307.66993266290245,4.5882878095440525,18
562,1.5843895930620413,307.66993266290245,0.7381963681132656,1
563,5.203468979319546,307.66993266290245,1.2319197896120972,18
564,1.156326439848788,307.66993266290245,0.0,0
565,2.9630865021125197,307.66993266290245,8.020303496439496,38
566,1.4565265732710697,307.15110134021717,0.0,0
568,1.8790304647542806,307.66993266290245,1.5745247015160535,3
569,2.6239715365799423,307.66993266290245,4.037094225797185,15
571,4.514120524794308,307.66993266290245,5.820087844888252,64
572,0.23904825439181676,307.15110134021717,64.85667928610059,2
573,4.936624416277518,307.66993266290245,5.0946047398750105,67
574,2.4349566377585057,307.15110134021717,0.31254560997477115,1
577,2.6462085835001115,307.15110134021717,2.910987924581597,11
578,3.040916166333111,307.66993266290245,2.4047404991160026,12
579,1.128530131198577,307.66993266290245,8.730131767332379,6
580,1.973537914164999,307.15110134021717,0.47577861535409643,1
582,0.6115187903046475,307.66993266290245,0.0,0
585,1.328663553480098,307.66993266290245,12.5964181299347,12
586,2.6072937513898156,307.15110134021717,1.3629688899395802,5
587,2.5572603958194353,307.15110134021717,2.550283553875236,9
588,4.730931732265955,307.66993266290245,0.24838408121502176,3
589,2.5294640871692238,307.66993266290245,4.923656563217003,17
591,3.491216366466533,307.15110134021717,2.7366221753417985,18
593,0.5948410051145208,307.66993266290245,15.711415844178532,3
594,1.8234378474538582,307.66993266290245,2.786659726353361,5
595,0.20569268401156326,308.1887639855877,0.0,0
596,2.6906826773404493,307.66993266290245,1.5357557543883615,6
597,3.50789415165666,307.66993266290245,4.367178101320823,29
599,1.2063597954191683,307.15110134021717,1.2733334749092144,1
601,5.709361796753392,307.66993266290245,4.206805729244194,74
603,1.200800533689126,307.66993266290245,2.570301783264746,2
605,0.7393818100956193,307.66993266290245,3.389677200520097,1
606,0.66711140760507,307.66993266290245,8.327777777777778,2
607,0.0555926173004225,308.1887639855877,0.0,0
609,1.0451412052479432,307.15110134021717,5.089406971480307,3
610,2.351567711807872,307.15110134021717,1.0053149573294435,3
612,2.535023348899266,307.66993266290245,4.037011388119422,14
613,1.4342895263509006,307.66993266290245,12.611020972297336,14
614,2.6072937513898156,307.66993266290245,0.0,0
615,4.425172337113631,307.66993266290245,4.069152294133987,43
616,4.553035356904603,307.66993266290245,2.592339149115706,29
617,0.43362241494329556,307.15110134021717,9.855358316896778,1
619,5.68156548810318,307.66993266290245,3.15734850892881,55
620,2.9686457638425616,307.15110134021717,0.8410834771142813,4
621,0.8283299977762953,307.66993266290245,8.10233773253457,3
623,2.3182121414276184,307.66993266290245,1.034453013129065,3
625,0.8394485212363798,307.66993266290245,2.6297092232796806,1
626,2.484989993328886,307.15110134021717,3.3009524095511216,11
627,0.22237046920169,307.15110134021717,0.0,0
628,2.2348232154769847,307.66993266290245,4.452365040469296,12
629,0.6170780520346898,307.66993266290245,0.0,0
631,0.9951078496775628,307.66993266290245,22.456227957928903,12
632,2.9797642873026464,307.15110134021717,3.339273780351971,16
633,0.46697798532354906,307.66993266290245,8.497732426303855,1
635,0.333555703802535,307.66993266290245,0.0,0
637,5.06448743606849,307.15110134021717,3.684639863312291,51
639,2.0513675783855905,307.15110134021717,11.009026079420686,25
640,2.640649321770069,307.15110134021717,0.0,0
643,2.284856571047365,307.15110134021717,4.25950592288703,12
645,0.5058928174338448,307.66993266290245,7.240671416495592,1
648,11.112964198354458,307.15110134021717,0.48016003999999,32
649,0.44474093840338,307.66993266290245,0.0,0
651,0.956193017567267,307.66993266290245,0.0,0
656,1.3119857682899712,307.15110134021717,0.0,0
657,3.5134534133867024,307.15110134021717,1.8013940073706136,12
658,4.058261062930843,307.66993266290245,0.11251641959091763,1
661,3.3522348232154773,307.66993266290245,1.4841216801564319,9
663,1.8289971091839003,307.66993266290245,3.323694348721834,6
664,0.42250389148321105,307.66993266290245,0.0,0
665,0.35579275072270405,307.4105270638406,0.0,0
667,0.7393818100956193,307.66993266290245,0.0,0
668,2.0958416722259283,307.15110134021717,0.42187027278036154,1
671,4.202801867911941,307.15110134021717,3.5669494135102595,34
672,3.624638647987547,307.66993266290245,0.2820956754111935,2
673,2.0124527462752946,307.15110134021717,5.490674887823936,12
675,1.0340226817878586,307.66993266290245,0.0,0
677,1.8012008005336893,307.66993266290245,2.2847126962353297,4
680,2.8519012675116744,307.15110134021717,1.3670303113208624,6
681,1.3786969090504781,307.66993266290245,5.849375650364204,6
683,2.612853013119858,307.15110134021717,2.714350384789497,10
684,1.156326439848788,307.15110134021717,0.0,0
685,1.7122526128530131,307.66993266290245,9.480941136785292,15
686,6.609962197020236,307.66993266290245,1.9085802644227539,45
687,1.5232377140315767,307.66993266290245,3.194629442165272,4
688,0.22792973093173227,307.66993266290245,0.0,0
689,1.7400489215032244,307.66993266290245,2.448121344506936,4
691,1.223037580609295,307.66993266290245,0.0,0
693,1.2730709361796753,307.66993266290245,1.143380179630442,1
695,3.641316433177674,307.66993266290245,4.053003904201387,29
697,2.8741383144318435,307.66993266290245,3.3648971712266498,15
698,1.5176784523015343,307.15110134021717,0.0,0
699,7.204803202134757,307.15110134021717,1.3565481633897272,38
700,5.892817433844786,307.15110134021717,2.401388394446422,45
704,2.240382477207027,307.66993266290245,0.0,0
705,0.800533689126084,307.66993266290245,2.89158950617284,1
706,2.040249054925506,307.66993266290245,0.0,0
707,1.1507671781187458,307.66993266290245,0.0,0
709,0.7227040249054926,307.66993266290245,7.09585798816568,2
710,2.612853013119858,307.66993266290245,0.8143051154368491,3
712,0.9673115410273516,307.15110134021717,1.9804465583300301,1
713,3.8470091171892373,307.66993266290245,2.75468609041398,22
715,1.6066266399822104,307.66993266290245,0.7179032818093654,1
717,0.9784300644874361,307.66993266290245,0.0,0
719,0.4169446297531688,307.66993266290245,10.659555555555555,1
720,1.7289303980431399,307.15110134021717,0.6199274201052513,1
721,2.7796308650211254,307.15110134021717,0.23983999999999997,1
723,1.089615299088281,307.66993266290245,3.1216159933361105,2
724,7.493884812096954,307.66993266290245,0.6599512190826721,20
725,1.2563931509895485,307.15110134021717,1.17393687837732,1
730,1.3675783855903936,307.4105270638406,3.9632493885914473,4
731,1.0729375138981543,307.66993266290245,1.6097076431582058,1
732,1.9624193907049143,307.15110134021717,0.4811851471402548,1
733,2.12363798087614,307.66993266290245,5.752583536635508,14
735,2.5405826106293086,307.15110134021717,10.622602933219694,37
736,1.8289971091839003,307.66993266290245,1.1078981162406114,2
737,1.439848788080943,307.15110134021717,3.5753790193944632,4
738,1.261952412719591,307.15110134021717,0.0,0
739,0.9395152323771403,307.66993266290245,0.0,0
741,1.845674894374027,307.66993266290245,1.631949484685731,3
743,0.8672448298865911,307.66993266290245,4.927679158448389,2
745,1.5510340226817878,307.66993266290245,33.122390513996486,43
746,0.6559928841449856,307.15110134021717,4.3062338408503305,1
747,1.2452746275294642,307.66993266290245,2.389987244897959,2
748,1.2508338892595063,307.66993266290245,4.73758024691358,4
749,6.3764732043584615,307.66993266290245,0.4101826606537352,9
750,1.128530131198577,307.15110134021717,0.0,0
751,2.17367133644652,307.66993266290245,8.23620986257285,21
752,1.5454747609517456,307.66993266290245,0.7758397598467989,1
754,2.0068934845452526,307.15110134021717,1.8403787570690833,4
755,0.27796308650211254,307.66993266290245,23.983999999999998,1
756,4.441850122303758,307.15110134021717,0.7513772691458817,8
757,1.195241271959084,307.66993266290245,1.2971335857220117,1
758,5.826106293084279,307.66993266290245,1.5286113862828503,28
759,2.7573938181009563,307.66993266290245,1.9497918834547345,8
762,0.27240382477207026,308.70761543283453,0.0,0
764,2.6239715365799423,307.66993266290245,1.3456980752657282,5
765,1.5843895930620413,307.66993266290245,0.0,0
766,1.6288636869023794,307.15110134021717,0.0,0
767,2.724038247720703,307.66993266290245,3.246480633069554,13
769,0.32243718034245056,307.66993266290245,17.82401902497027,1
771,0.32243718034245056,307.92933826196423,0.0,0
772,3.4745385812764065,307.15110134021717,2.1489664,14
773,2.818545697131421,307.66993266290245,2.5658921061743087,11
775,3.3355570380253505,307.66993266290245,1.9986666666666664,12
777,1.9346230820547032,307.66993266290245,1.9804465583300301,4
779,0.400266844563042,307.66993266290245,0.0,0
780,1.06181899043807,307.15110134021717,8.217976480907868,5
781,0.4614187235935068,307.66993266290245,17.40746116998113,2
783,4.758728040916166,307.66993266290245,2.045757271377413,25
785,1.0840560373582389,307.66993266290245,6.307429322813938,4
787,3.4300644874360686,307.66993266290245,6.142651875940728,39
789,2.946408716922393,307.66993266290245,1.494197223211107,7
790,1.2452746275294642,307.15110134021717,16.72991071428571,14
791,1.6900155659328442,307.66993266290245,3.8928324099722986,6
793,9.233933733600178,307.15110134021717,1.4126537149849523,65
795,1.5232377140315767,307.66993266290245,3.99328680270659,5
798,3.6524349566377587,307.15110134021717,0.6945457999439358,5
799,0.5281298643540138,307.66993266290245,0.0,0
803,1.0951745608183234,307.66993266290245,3.090004895771599,2
807,2.2292639537469423,307.66993266290245,2.237299519281596,6
808,1.2508338892595063,307.66993266290245,0.0,0
809,1.3175450300200133,307.66993266290245,1.0674927451085119,1
811,0.6115187903046475,307.66993266290245,0.0,0
815,2.0958416722259283,307.66993266290245,1.6874810911214462,4
817,2.373804758728041,307.15110134021717,9.207970207701463,28
819,1.395374694240605,307.66993266290245,6.662116474341677,7
821,1.8067600622637314,307.15110134021717,1.135337278106509,2
822,2.3682454969979987,307.15110134021717,0.3304018162181225,1
823,0.23904825439181676,307.66993266290245,0.0,0
827,0.6170780520346898,307.66993266290245,0.0,0
828,0.15565932844118302,308.1887639855877,0.0,0
831,1.4342895263509006,307.66993266290245,0.9007872123069527,1
835,0.21125194574160552,307.92933826196423,0.0,0
838,4.308427840782744,307.15110134021717,1.4974401664932362,15
843,1.1396486546586613,307.66993266290245,1.4267697798929209,1
845,4.252835223482322,307.15110134021717,1.1270195224059123,11
847,2.1681120747164777,307.66993266290245,1.5768573307034845,4
849,2.9797642873026464,307.15110134021717,4.382796836711962,21
851,1.2174783188792528,307.66993266290245,3.750547319697254,3
853,2.379364020458083,307.15110134021717,4.582496287885405,14
857,14.215032243718035,307.15110134021717,1.2563791926554035,137
858,9.061596619968869,307.4105270638406,2.685550829914562,119
859,2.857460529241717,307.66993266290245,1.3617163015337097,6
861,0.15565932844118302,306.8916756165938,0.0,0
863,2.0013342228152102,307.66993266290245,3.701234567901234,8
864,1.1062930842784078,307.66993266290245,3.0282063584252925,2
865,6.404269513008672,307.15110134021717,2.033148871527778,45
867,2.268178785857238,307.66993266290245,0.0,0
870,2.040249054925506,307.66993266290245,1.7806947857657267,4
871,1.7233711363130977,307.15110134021717,1.871800208116545,3
875,0.9172781854569714,307.66993266290245,2.2023875114784204,1
876,2.3460084500778295,307.66993266290245,3.3669504278879634,10
877,4.5307983099844344,307.66993266290245,3.9719071097896044,44
883,2.9186124082721814,307.66993266290245,0.0,0
884,10.140093395597065,307.66993266290245,0.6848501461988303,38
885,0.2946408716922393,307.66993266290245,21.345674617301526,1
887,1.33422281521014,307.66993266290245,2.0819444444444444,2
891,0.3279964420724928,307.66993266290245,0.0,0
893,0.8839226150767179,307.15110134021717,0.0,0
895,0.7616188570157884,307.66993266290245,0.0,0
897,1.9290638203246608,307.66993266290245,0.0,0
898,1.195241271959084,307.66993266290245,1.2971335857220117,1
903,1.8512341561040695,307.15110134021717,4.325767208650092,8
909,2.0902824104958864,307.66993266290245,7.209993209597101,17
911,9.233933733600178,307.15110134021717,2.5210435528962227,116
913,2.4794307315988435,307.15110134021717,2.712903939351284,9
915,7.983099844340671,307.15110134021717,0.9013935335697272,31
917,2.1403157660662666,307.15110134021717,1.2135604655085173,3
918,4.208361129641983,307.66993266290245,5.75483073873264,55
922,7.299310651545475,307.15110134021717,1.356428102825515,39
923,1.1507671781187458,307.66993266290245,0.0,0
929,0.7616188570157884,307.66993266290245,0.0,0
930,0.333555703802535,307.66993266290245,33.31111111111111,2
931,1.8123193239937736,307.66993266290245,7.334487560691031,13
934,0.6837891927951968,307.15110134021717,3.9632493885914473,1
941,6.070713809206137,307.15110134021717,0.703954165492627,14
942,0.6504336224149433,307.15110134021717,0.0,0
943,1.9012675116744497,307.66993266290245,2.563181833726617,5
946,1.9179452968645765,307.66993266290245,1.5112791430371773,3
949,1.1674449633088726,307.15110134021717,0.0,0
950,3.796975761618857,307.15110134021717,5.526989918304611,43
951,0.6615521458750279,307.66993266290245,0.0,0
953,12.336001778963753,307.66993266290245,0.8280488005489889,68
955,1.4565265732710697,307.15110134021717,0.8734922207330574,1
956,1.5121191905714921,307.15110134021717,1.6208910034602073,2
962,1.3453413386702247,307.66993266290245,2.047674339184482,2
963,1.0507004669779854,307.66993266290245,1.6785644298871811,1
966,4.447409384033801,307.15110134021717,4.309625,46
971,1.33422281521014,307.66993266290245,9.36875,9
977,4.747609517456082,307.15110134021717,0.6577121576929617,8
979,1.639982210362464,307.66993266290245,0.0,0
983,2.8463420057816324,307.66993266290245,7.090606689453125,31
986,11.941294196130753,307.15110134021717,0.4938290870377884,38
987,0.4058261062930843,307.66993266290245,0.0,0
988,1.1118523460084502,307.66993266290245,0.0,0
989,1.33422281521014,307.4105270638406,6.245833333333334,6
991,2.040249054925506,307.66993266290245,1.3355210893242953,3
993,0.6837891927951968,307.66993266290245,0.0,0
997,2.5016677785190127,307.66993266290245,3.5531851851851846,12
998,7.204803202134757,307.15110134021717,2.9986854138088708,84
999,1.156326439848788,307.66993266290245,0.0,0
1003,0.9839893262174784,307.66993266290245,0.0,0
1005,3.5634867689570826,307.15110134021717,4.669770566173661,32
1007,1.067378252168112,307.4105270638406,1.626519097222222,1
1010,0.3391149655325773,307.66993266290245,0.0,0
1011,0.9784300644874361,307.66993266290245,0.0,0
1013,5.698243273293307,307.66993266290245,5.250512790005948,92
1014,3.4245052257060262,307.66993266290245,1.8961882273570585,12
1015,1.4620858350011119,307.66993266290245,0.0,0
1019,0.8783633533466756,307.66993266290245,4.803717352988303,2
1020,0.2557260395819435,307.92933826196423,0.0,0
1021,1.3509006004002668,307.66993266290245,8.12342291994784,8
1022,0.41138536802312653,307.15110134021717,0.0,0
1023,1.6455414720925061,307.66993266290245,2.737399561723886,4
1024,0.5058928174338448,307.15110134021717,0.0,0
1025,0.38358905937291526,307.15110134021717,0.0,0
1026,0.6837891927951968,307.15110134021717,0.0,0
1027,3.4745385812764065,307.15110134021717,0.0,0
1028,0.4503002001334223,307.66993266290245,9.138850784941319,1
1029,0.21125194574160552,307.66993266290245,0.0,0
1030,0.733822548365577,307.66993266290245,0.0,0
1031,4.058261062930843,307.15110134021717,2.475361231000188,22
1032,5.425839448521237,307.66993266290245,0.37767065305025527,6
1033,0.2501667778519013,307.66993266290245,0.0,0
1034,0.23904825439181676,307.66993266290245,0.0,0
1036,3.3355570380253505,307.66993266290245,0.0,0
1038,7.260395819435179,307.66993266290245,0.0,0
1039,0.4780965087836335,307.66993266290245,0.0,0
1042,1.8289971091839003,307.15110134021717,9.417133988045196,17
1043,0.2557260395819435,307.66993266290245,0.0,0
1044,7.349344007115855,307.15110134021717,2.7446609341276798,80
1045,0.8728040916166333,307.66993266290245,0.0,0
1046,1.5232377140315767,307.15110134021717,2.395972081623954,3
1047,2.640649321770069,307.15110134021717,2.3917562326869803,9
1048,0.4780965087836335,307.66993266290245,0.0,0
1049,0.4169446297531688,307.15110134021717,0.0,0
1050,0.23904825439181676,307.66993266290245,0.0,0
1051,0.6949077162552814,307.66993266290245,7.674879999999999,2
1052,1.2063597954191683,307.66993266290245,0.0,0
1055,2.774071603291083,307.66993266290245,0.0,0
1056,0.6893484545252391,307.4105270638406,11.698751300728407,3
1057,2.8241049588614633,307.15110134021717,4.414563829127658,19
1058,0.038914832110295755,307.15110134021717,0.0,0
1059,0.4280631532132533,307.15110134021717,10.113003879237645,1
1060,2.4738714698688016,307.66993266290245,0.30279005176114127,1
1061,1.6900155659328442,307.66993266290245,0.6488054016620497,1
1063,0.133422281521014,308.70761543283453,0.0,0
1064,3.2299310651545476,307.66993266290245,0.0,0
1065,0.8227707360462531,307.66993266290245,2.737399561723886,1
1067,0.6615521458750279,307.66993266290245,0.0,0
1068,0.8561263064265066,307.15110134021717,2.5282509698094113,1
1069,1.7289303980431399,307.15110134021717,0.0,0
1072,1.3175450300200133,307.15110134021717,1.0674927451085119,1
1074,2.535023348899266,307.66993266290245,0.0,0
1075,3.1632199243940406,307.15110134021717,0.0,0
1076,2.724038247720703,307.66993266290245,0.24972927946688878,1
1077,2.9853235490326884,307.66993266290245,0.6237841099424696,3
1078,4.208361129641983,307.15110134021717,0.20926657231755053,2
1079,2.801867911941294,307.66993266290245,1.652336860670194,7
1080,4.836557705136758,307.66993266290245,0.07921786233320122,1
1081,2.3015343562374917,307.66993266290245,1.399332539849238,4
1082,2.312652879697576,307.15110134021717,0.0,0
1083,3.196575494774294,307.15110134021717,1.2694744801512285,7
1084,2.39604180564821,307.15110134021717,0.0,0
1085,0.49477429397376027,307.66993266290245,0.0,0
1086,4.558594618634645,307.66993266290245,0.26751933372992265,3
1087,2.262619524127196,307.66993266290245,2.533791329860126,7
1088,5.108961529908829,307.66993266290245,0.21298639174671807,3
1089,4.3306648877029135,307.15110134021717,0.2964203143821857,3
1090,1.328663553480098,307.66993266290245,0.0,0
1091,1.8901489882143652,307.15110134021717,0.0,0
1093,4.236157438292195,307.15110134021717,2.168557670448674,21
1094,1.4565265732710697,307.66993266290245,4.3674611036652875,5
1095,0.24460751612185902,307.15110134021717,0.0,0
1096,3.7802979764287303,307.15110134021717,0.0,0
1097,1.9957749610851678,307.66993266290245,5.582824465980246,12
1098,0.2946408716922393,307.66993266290245,0.0,0
1099,0.12786301979097175,308.1887639855877,0.0,0
1100,2.418278852568379,307.15110134021717,1.5843572466640246,5
1101,0.38358905937291526,307.66993266290245,0.0,0
1102,1.0729375138981543,307.66993266290245,3.2194152863164116,2
1103,0.1000667111407605,308.1887639855877,0.0,0
1104,0.8283299977762953,307.66993266290245,5.40155848835638,2
1105,0.266844563042028,307.66993266290245,0.0,0
1106,3.018679119412942,307.15110134021717,1.220149975071986,6
1107,1.6233044251723372,307.15110134021717,2.1096828673297052,3
1108,0.2501667778519013,307.66993266290245,0.0,0
1109,1.0784967756281967,307.66993266290245,1.5931554894250186,1
1110,0.9006004002668446,307.66993266290245,0.0,0
1111,1.9679786524349567,307.15110134021717,0.9569408535222955,2
1112,0.7393818100956193,307.66993266290245,0.0,0
1114,1.6177451634422948,307.66993266290245,0.7080691064111193,1
1116,6.765621525461419,307.15110134021717,0.3238698012070848,8
1117,3.8192128085390262,307.15110134021717,1.270422421811602,10
1118,1.3898154325105627,307.66993266290245,3.8374399999999995,4
1119,0.2501667778519013,307.66993266290245,0.0,0
1122,1.0784967756281967,307.15110134021717,4.779466468275055,3
1123,0.23348899266177453,307.66993266290245,0.0,0
1125,0.3002001334222815,307.66993266290245,0.0,0
1126,0.9339559706470981,307.15110134021717,0.0,0
1127,0.15010006671114076,307.66993266290245,0.0,0
1128,2.996442072492773,307.66993266290245,0.0,0
1131,2.218145430286858,307.15110134021717,0.0,0
1132,3.8581276406493217,307.66993266290245,0.0,0
1133,2.8519012675116744,307.66993266290245,0.0,0
1134,1.9624193907049143,307.15110134021717,0.0,0
1135,1.5621525461418724,307.66993266290245,0.0,0
